<project xmlns="http://maven.apache.org/POM/4.0.0"
	xmlns:xsi="http://www.w3.org/2001/XMLSchema-instance"
	xsi:schemaLocation="http://maven.apache.org/POM/4.0.0 http://maven.apache.org/xsd/maven-4.0.0.xsd">
	<modelVersion>4.0.0</modelVersion>

	<groupId>com</groupId>
	<artifactId>uiFramework</artifactId>
	<version>0.0.1-SNAPSHOT</version>
	<packaging>jar</packaging>

	<name>uiFramework</name>
	<url>http://maven.apache.org</url>

	<properties>
		<project.build.sourceEncoding>UTF-8</project.build.sourceEncoding>
	</properties>

	<dependencies>

		<dependency>
			<groupId>junit</groupId>
			<artifactId>junit</artifactId>
			<version>3.8.1</version>
			<scope>test</scope>
		</dependency>

		<!-- https://mvnrepository.com/artifact/org.seleniumhq.selenium/selenium-java -->
		<dependency>
			<groupId>org.seleniumhq.selenium</groupId>
			<artifactId>selenium-java</artifactId>
			<version>3.11.0</version>
		</dependency>

		<!-- https://mvnrepository.com/artifact/org.testng/testng -->
		<dependency>
			<groupId>org.testng</groupId>
			<artifactId>testng</artifactId>
			<version>6.13</version>
			<scope>test</scope>
		</dependency>
		<!-- https://mvnrepository.com/artifact/log4j/log4j -->
		<dependency>
			<groupId>log4j</groupId>
			<artifactId>log4j</artifactId>
			<version>1.2.17</version>
		</dependency>
		<!-- https://mvnrepository.com/artifact/org.apache.poi/poi -->
		<dependency>
			<groupId>org.apache.poi</groupId>
			<artifactId>poi</artifactId>
			<version>3.16</version>
		</dependency>
		<!-- https://mvnrepository.com/artifact/org.apache.poi/poi-ooxml -->
		<dependency>
			<groupId>org.apache.poi</groupId>
			<artifactId>poi-ooxml</artifactId>
			<version>3.16</version>
		</dependency>
		<!-- https://mvnrepository.com/artifact/com.aventstack/extentreports -->
		<!-- https://mvnrepository.com/artifact/com.aventstack/extentreports -->
		<dependency>
			<groupId>com.aventstack</groupId>
			<artifactId>extentreports</artifactId>
			<version>3.1.4</version>
			<scope>provided</scope>
		</dependency>
		<!-- https://mvnrepository.com/artifact/mysql/mysql-connector-java -->
		<dependency>
			<groupId>mysql</groupId>
			<artifactId>mysql-connector-java</artifactId>
			<version>5.1.6</version>
		</dependency>

		<!-- https://mvnrepository.com/artifact/com.beust/jcommander -->
		<dependency>
			<groupId>com.beust</groupId>
			<artifactId>jcommander</artifactId>
			<version>1.27</version>
		</dependency>

	</dependencies>

	<build>
		<plugins>
			<plugin>
				<groupId>org.apache.maven.plugins</groupId>
				<artifactId>maven-compiler-plugin</artifactId>
				<version>3.1</version>
				<configuration>
					<source>1.8</source>
					<target>1.8</target>
				</configuration>
			</plugin>

			<plugin>
				<groupId>org.apache.maven.plugins</groupId>
				<artifactId>maven-surefire-plugin</artifactId>
				<version>2.19.1</version>
				<configuration>
					<systemPropertyVariables>
						<property>
							<name>userName</name>
							<value>${userName}</value>
						</property>
						<property>
							<name>password</name>
							<value>${password}</value>
						</property>
						<property>
							<name>url</name>
							<value>${url}</value>
						</property>
					</systemPropertyVariables>
					<suiteXmlFiles>
						<suiteXmlFile>${suiteXmlFile}</suiteXmlFile>
					</suiteXmlFiles>
				</configuration>
			</plugin>
		</plugins>
	</build>
</project>
